condition,validity,uniqueness,novelty_vs_dataset,mean_length,num_valid
Antibacterial,1.0,0.995,0.99,23.54,200
Anticancer,0.99,1.0,0.9949494949494949,25.22222222222222,198
Antifungal,0.97,0.9948453608247423,0.9896907216494846,25.396907216494846,194
Antiparasitic,0.995,0.9798994974874372,1.0,26.507537688442213,199
Antiviral,0.865,1.0,1.0,25.722543352601157,173
Gram+,0.98,1.0,1.0,25.260204081632654,196
Gram-,0.99,0.9595959595959596,0.9292929292929293,24.09090909090909,198
